<?xml version="1.0" encoding="UTF-8"?>
<project-private xmlns="http://www.netbeans.org/ns/project-private/1">
    <editor-bookmarks xmlns="http://www.netbeans.org/ns/editor-bookmarks/2" lastBookmarkId="0"/>
    <open-files xmlns="http://www.netbeans.org/ns/projectui-open-files/2">
        <group>
            <file>file:/C:/Users/Wanda/Desktop/ProjetoSite/Rest/PaisWS/src/java/ws/modelo/JOGOModelo.java</file>
            <file>file:/C:/Users/Wanda/Desktop/ProjetoSite/Rest/PaisWS/src/java/dao/CARRODAO.java</file>
            <file>file:/C:/Users/Wanda/Desktop/ProjetoSite/Rest/PaisWS/src/java/dao/PaisDAO.java</file>
            <file>file:/C:/Users/Wanda/Desktop/ProjetoSite/Rest/PaisWS/src/java/ws/CARROWS.java</file>
            <file>file:/C:/Users/Wanda/Desktop/ProjetoSite/Rest/PaisWS/src/java/ws/dao/JogoDAO.java</file>
            <file>file:/C:/Users/Wanda/Desktop/ProjetoSite/Rest/PaisWS/src/java/dao/JOGODAO.java</file>
            <file>file:/C:/Users/Wanda/Desktop/ProjetoSite/Rest/PaisWS/src/java/ws/JOGOWS.java</file>
        </group>
    </open-files>
</project-private>
